,Customer,DBA Name,TDLR Number,City,State,Zip code
1,CALIBER WRECKER SERVICE LLC,,006598046C (Insurance not applied !),CHANNELVIEW,TX,77530
2,1ST CHOICE WRECKER SERVICE,"1ST CHOICE PAINT & BODY, INC",006096604C,TERRELL,TX,75160
3,1ST CHOICE WRECKER SERVICE,"1ST CHOICE PAINT & BODY, INC.",0612137VSF,TERRELL,TX,75160
4,1ST CHOICE WRECKER SERVICE LLC,,006529369C,SILSBEE,TX,77656
5,1ST CHOICE WRECKER SERVICE LLC,,0652937VSF,SILSBEE,TX,77656
6,1ST CHOICE WRECKER SERVICE LLC,,0655000VSF,SILSBEE,TX,77656
7,1STCHOICEWRECKERSERVICELLC,,0654581VSF,SILSBEE,TX,77656
8,24 HOUR WRECKER SERVICE INC.,,005052021C,LANCASTER,TX,75146
9,"24 HOUR WRECKER SERVICE, INC",,0514204VSF,LANCASTER,TX,75146
10,24/7 WRECKER SERVICE LLC,,006551087C,SAN BENITO,TX,78586
11,24/7 WRECKER SERVICE LLC,,0659192VSF,SAN BENITO,TX,78586
12,290 WRECKER SERVICE INC,HWY 290 WRECKER,0656637VSF,HOCKLEY,TX,77447
13,290 WRECKER SERVICE INC.,HWY 290 WRECKER,0650616VSF,HOCKLEY,TX,77447
14,"290 WRECKER SERVICE, INC.",HWY 290 WRECKER,0545753VSF,HOCKLEY,TX,77447
15,"290 WRECKER SERVICE, INC.",HWY 290 WRECKER,005697854C,WALLER,TX,77484
16,"290 WRECKER SERVICE, INC.",HWY 290 WRECKER SERVICE,0657944VSF (Insurance not applied !),HOCKLEY,TX,77447
17,"3 ACES WRECKER SERVICE, LLC",,006576510C,WALLISVILLE,TX,77597
18,"3 ACES WRECKER SERVICE, LLC",,0657711VSF,WALLISVILLE,TX,77597
19,"3 ACES WRECKER SERVICE, LLC",,0657712VSF,WALLISVILLE,TX,77597
20,"3 ACES WRECKER SERVICE, LLC",,0657713VSF,WALLISVILLE,TX,77597
22,A & A AUTO & WRECKER SERVICE,ALFONSO FLORES JR,0000039432,EDINBURG,TX,78542
23,A & A AUTO & WRECKER SERVICE,,0000031VSF,EDINBURG,TX,78539
24,A & A WRECKER,,005683182C,AUSTIN,TX,78722
25,A & A WRECKER AND RECOVERY L.L.C.,,0568645VSF,AUSTIN,TX,78722
26,A & A WRECKER AND RECOVERY L.L.C.,,0653350VSF,AUSTIN,TX,78722
27,A & D WRECKER SERVICE,,006600078C,LA MARQUE,TX,77568
28,A & H WRECKER SERVICE LLC,A&H WRECKER SERVICE,006543241C (Expired!),SOUTH HOUSTON,TX,77587
29,A & I WRECKER SERVICE,,005266963C,HOUSTON,TX,77012
30,A & L WRECKER,,006415434C,DEER PARK,TX,77536
31,A & M WRECKER SERVICE LLC,,006490059C,ROSENBERG,TX,77471
32,A & M WRECKER SERVICE LLC,,0649006VSF,ROSENBERG,TX,77471
33,A & R WRECKER SERVICE,,0648812VSF,DONNA,TX,78537
34,A & S WRECKER SERVICE,A & S WRECKER SERVICE,006598236C,EL CAMPO,TX,77437
35,A B C WRECKER SERVICE INC,,0577127VSF,WACO,TX,76708
36,"A WRECKER SERVICE,LLC",A WRECKER SERVICE,006060211C,STAFFORD,TX,77477
37,A&H WRECKER SERVICE LLC,,006592051C,SOUTH HOUSTON,TX,77587
38,A&P BROTHER'S WRECKER SERVICES INC,,006560024C,BROOKSHIRE,TX,77423
39,A&R WRECKER SERVICE,FELIPE HERNANDEZ III,006488096C,DONNA,TX,78537
40,A&R WRECKER SERVICE LLC,,006594763C,POTEET,TX,78065
41,"A-1 WRECKER SERVICE, LLC",,006181060C,FORT WORTH,TX,76116
43,"A-1 WRECKER SERVICE, LLC.",,0618108VSF,FORT WORTH,TX,76116
44,A-ACTION WRECKER SERVICE,,005766702C,FORT WORTH,TX,76105
45,A-EXCELLENCE WRECKER SERVICE,,0660086VSF,GEORGETOWN,TX,78626
46,A-EXCELLENCE WRECKER SERVICE INC.,,006598437C,GEORGETOWN,TX,78626
47,A. MARTINEZ WRECKER SERVICE LLC,,006590061C,HOUSTON,TX,77023
48,A. MARTINEZ WRECKER SERVICE LLC,,006555161C (Expired!),HOUSTON,TX,77023
49,A.S.A.P. WRECKER SERVICE INC,,006239524C,EL PASO,TX,79932
50,A1 QUICK STAR WRECKER SERVICE,,005629226C,SAN ANTONIO,TX,78219
51,AA WRECKER SERVICE,,0536827VSF,FORT WORTH,TX,76148
52,AA WRECKER SERVICE,,0000037359,FORT WORTH,TX,76148
53,"ABBEY'S WRECKER SERVICE, INC.",,005764232C,DALLAS,TX,75208
54,"ABBEY'S WRECKER SERVICE, INC.",,0576424VSF,DALLAS,TX,75208
55,ABC WRECKER SERVICE INC.,,005767853C,WACO,TX,76708
56,ABI WRECKERS OF TOMBALL,,0640704VSF,MAGNOLIA,TX,77355
57,ABILENE AUTO WRECKING,DBA. ABILENE AUTO WRECKING,005059531C,ABILENE,TX,79601
58,ABREE'S WRECKER SERVICE LLC,,006589560C,GARCIASVILLE,TX,78547
59,ABSOLUTE WRECKER & STORAGE,,005433557C,CORPUS CHRISTI,TX,78427
60,ACC WRECKER SERVICE LLC,,006600859C,FLORESVILLE,TX,78114
61,ACE 1 WRECKER SERVICE LLC,,0520796VSF,CORPUS CHRISTI,TX,78403
62,ACE 1 WRECKER SERVICE LLC,,005059461C,CORPUS CHRISTI,TX,78403
64,ACE OF GALVESTON WRECKER SERVICE,,0000024VSF,GALVESTON,TX,77552
65,ACE OF GALVESTON WRECKER SERVICE,ACE OF GALVESTON WRECKER SERVICE,0650631VSF (Expired!),GALVESTON,TX,77552
66,ACE WRECKER SERVICE INC,RAY'S WRECKER SERVICE,005820848C,VIDOR,TX,77662
67,"ACE WRECKER SERVICE, INC.",RAY'S WRECKER SERVICE,0582200VSF,VIDOR,TX,77662
68,ACME ROADRUNNER WRECKER,,005839490C,PALESTINE,TX,75801
69,ACTION WRECKER SERVICE INC.,,005945680C,MIDLAND,TX,79703
70,"ACTION WRECKER SERVICE, INC",,0602742VSF,MIDLAND,TX,79703
71,AD WRECKER SERVICE INC.,,0583542VSF,EL PASO,TX,79996
72,AD WRECKER SERVICE INC.,,005020618C,EL PASO,TX,79996
73,AIRLINE WRECKER SERVICE,,005754511C,HOUSTON,TX,77037
74,AL'S WRECKER SERVICE LLC,,006597676C,SAN JUAN,TX,78589
75,ALANIS WRECKER SERVICE,,005080594C,SAN ANTONIO,TX,78201
76,ALFREDO'S WRECKER SERVICE,,005893546C (Suspended!),MERCEDES,TX,78570
77,ALFREDO'S WRECKER SERVICE,,0600864VSF (Suspended!),MERCEDES,TX,78570
78,ALLAN MOTOR WRECKER SERVICE LLC,,0658233VSF,HOUSTON,TX,77060
79,ALLAN MOTORS & WRECKER SERVICE LLC,,006582323C,HOUSTON,TX,77060
80,ALLAN'S WRECKER SERVICE INC,,0656197VSF,INEZ,TX,77968
81,ALLAN'S WRECKER SERVICE INC,,0655342VSF,INEZ,TX,77968
82,ALLAN'S WRECKER SERVICE INC,,0644035VSF,INEZ,TX,77968
83,"ALLAN'S WRECKER SERVICE, INC",,0000094VSF (Expired!),INEZ,TX,77968
85,"ALLAN'S WRECKER SERVICE, INC.",,005062282C,INEZ,TX,77901
86,"ALLAN'S WRECKER SERVICE, INC.",,0659436VSF,INEZ,TX,77968
87,ALLIED WRECKER SERVICE LLC,,0658041VSF,CISCO,TX,76437
88,ALLIED WRECKER SERVICE LLC,,006580421C,CISCO,TX,76437
89,ALLPOINTS WRECKER SERVICE LLC,,006588859C (Suspended!),SPRING,TX,77386
90,"ALLSTATE AUTO WRECKING, INC",,005062742C,GRAND PRAIRIE,TX,75051
91,ALLSTATE WRECKER AND STORAGE,,0651180VSF,HOUSTON,TX,77014
92,ALMA'S WRECKER SERVICE,,006183440C,GARCIASVILLE,TX,78547
93,ALPHA WRECKER SERVICE LLC,,006518130C,HOUSTON,TX,77291
94,ALVIN WRECKER SERVICES LLC,,006592401C (Insurance not applied !),HOUSTON,TX,77039
95,AM/PM WRECKER SERVICE,,006064791C,ELMENDORF,TX,78112
96,AMANDO'S WRECKER SERVICE LLC,,0645979VSF,ROMA,TX,78584
97,"AMANDO'S WRECKER SERVICE, LLC","AMANDO'S WRECKER SERVICE, LLC",006458673C,ROMA,TX,78584
98,ANDREA'S WRECKER SERVICE,,005740888C,HARLINGEN,TX,78551
99,ANDREWS WRECKIN CREW LLC,,006479850C,ANDREWS,TX,79714
100,ANDREWS WRECKIN CREW LLC,,0647986VSF,ANDREWS,TX,79714
101,ARMSTRONGS' WRECKER SERVICE,,005011748C,MARSHALL,TX,75672
102,ARMSTRONGS' WRECKER SERVICE,,0000696VSF,MARSHALL,TX,75672
103,ARTURO JR WRECKER,,006169339C,HOUSTON,TX,77060
104,AT WRECKER SERVICE,,0641319VSF,ALAMO,TX,78516
106,AT WRECKER SERVICE,,0650909VSF,ALAMO,TX,78516
107,AT WRECKER SERVICE,,005902437C,ALAMO,TX,78516
108,ATHENS WRECKER SERVICE,,0000030952,ATHENS,TX,75751
109,ATHENS WRECKER SERVICE,,0653349VSF,ATHENS,TX,75751
110,"ATLASSOLUTIONS, INC DBA RELIABLE WRECKER",RELIABLE WRECKER,006589150C (Suspended!),OVILLA,TX,75154
111,AVILES & GABES WRECKER SERVICE INC,OMG STORAGE #2,0653676VSF,AUSTIN,TX,78728
112,AVILES & GABES WRECKER SERVICE INC,,0633072VSF,AUSTIN,TX,78728
113,AVILES & GABES WRECKER SERVICE INC,,0633073VSF (Expired!),AUSTIN,TX,78728
114,AVILES & GABES WRECKER SERVICE INC,GABES WRECKER,006330740C,MANOR,TX,78653
115,AVILES AND GABES WRECKER SERVICE INC,,0641068VSF,AUSTIN,TX,78728
116,AVILES AND GABES WRECKER SERVICE INC,OMG STORAGE SERVICE,0651967VSF,MANOR,TX,78653
117,AVILES TRANSPORT AND WRECKER SERVICE,,005844281C,AUSTIN,TX,78728
118,B & B AND SONS WRECKER SERVICE LLC,B & B AND SONS WRECKER SERVICE LLC,006491270C,RIO GRANDE CITY,TX,78582
119,B & B WRECKER LLC,B & B WRECKER SERVICE,0654804VSF,PECOS,TX,79772
120,B & B WRECKER SERVICE,,0000244VSF,PECOS,TX,79772
121,B & B WRECKER SERVICE,B&B WRECKER SERVICE,005069002C,PECOS,TX,79772
122,"B & S WRECKER SERVICES, LLC.",,0656082VSF,ABILENE,TX,79602
123,"B & S WRECKER SERVICES, LLC.",,006560896C,ABILENE,TX,79602
124,B & S WRECKERS,,0517802VSF,VICTORIA,TX,77902
125,B & S WRECKERS,,005060731C,VICTORIA,TX,77902
127,B & W WRECKER SERVICE,,0000037728 (Suspended!),BURLESON,TX,76028
128,B & W WRECKER SERVICE,,0570142VSF (Suspended!),BURLESON,TX,76028
129,"B & W WRECKER SERVICES, LLC",,0660073VSF,LILLIAN,TX,76061
130,"B & W WRECKER SERVICES, LLC",,006599918C,LILLIAN,TX,76061
131,B&B AND SONS WRECKER SERVICE LLC,B&B AND SONS WRECKER SERVICE LLC,0645668VSF (Insurance not applied !),RIO GRANDE CITY,TX,78582
132,B. I. G. WRECKER SERVICES,,006234163C,GRAND PRAIRIE,TX,75052
133,BALDE'S TIRE AND WRECKER SERVICE,,0655517VSF,EAGLE PASS,TX,78852
134,BANNER WRECKER SERVICE,,0000038048 (Expired!),PECOS,TX,79772
135,BARBEE WRECKER SERVICE INC,,0648634VSF,FORT STOCKTON,TX,79735
136,BARBEE WRECKER SERVICE INC,,006485304C,FORT STOCKTON,TX,79735
137,BARRERA WRECKER SERVICE LLC,,006569573C,CLEVELAND,TX,77328
138,"BARRY'S AUTO & WRECKER SERVICE, INC.",BARRYS,005052811C,DUNCANVILLE,TX,75116
139,BAYTOWN WRECKER SERVICE INC,BAYTOWN COLLISION CENTER,006503369C,LEAGUE CITY,TX,77573
140,"BB'S WRECKER SERVICE, LLC",,006557352C,SARITA,TX,78385
141,BCD WRECKER SERVICE,,006409638C (Expired!),CHANNELVIEW,TX,77530
142,BENSON BROS WRECKER SERVICE INC,,0647622VSF,COMMERCE,TX,75429
143,BENSON BROS WRECKER SERVICE INC,MORGANS WRECKER SERVICE,0656707VSF,COMMERCE,TX,75429
144,BENSON BROS WRECKER SERVICE INC.,MORGANS WRECKER SERVICE,006567062C,COMMERCE,TX,75429
145,BENSON BROS. WRECKER SERVICE INC.,,0646178VSF,COMMERCE,TX,75429
146,BENSON BROS. WRECKER SERVICE INC.,,0572249VSF,COMMERCE,TX,75429
148,"BENSON BROTHERS WRECKER SERVICE, INC.",,0000038013,COMMERCE,TX,75428
149,BERGER'S WRECKER SERVICE,,005286285C,LA GRANGE,TX,78945
150,BEST WRECKER LLC,,006564930C,CASTROVILLE,TX,78009
151,BIG DADDY'S WRECKER SERVICE LLC,,0658284VSF,HILLSBORO,TX,76645
152,BIG DADDY'S WRECKER SERVICE LLC,,006582853C,HILLSBORO,TX,76645
153,BIG JOHN'S WRECKER SERVICE LLC,LONGHORN WRECKER SERVICE,006076812C,WEATHERFORD,TX,76086
154,BIG JOHN'S WRECKER STORAGE FACILITY,LONGHORN WRECKER STORAGE FACILITY,0608106VSF,WEATHERFORD,TX,76086
155,"BIG STATE WRECKER & AUTO SALVAGE, INC.",BIG STATE WRECKER,005060951C,VICTORIA,TX,77901
156,"BIG STATE WRECKER & AUTO SALVAGE, INC.",BIG STATE WRECKER,0000293VSF,VICTORIA,TX,77901
157,BIG STATE WRECKERS LLC,BIG STATE WRECKERS,006554290C,SAN ANTONIO,TX,78221
158,BIG STATE WRECKERS LLC,BIG STATE WRECKERS,0655430VSF,SAN ANTONIO,TX,78221
159,BIGBIRD'S WRECKER SERVICE,,0644331VSF,LUMBERTON,TX,77657
160,BIGBIRD'S WRECKER SERVICE,,006430403C,LUMBERTON,TX,77657
161,BIGBIRD'S WRECKER SERVICE,,0648279VSF,LUMBERTON,TX,77657
162,BILL'S BODY SHOP AND WRECKER SERVICE,,0559270VSF,VALLEY MILLS,TX,76689
163,BIVIN'S WRECKER SERVICE,,0647383VSF,FORT WORTYH,TX,76106
164,BIVINS WRECKER SERVICE INC.,,005045840C,FORT WORTH,TX,76106
165,BLACKBURN WRECKER,,006434536C,SPUR,TX,79370
166,BLACKBURN WRECKER,,0646015VSF,SPUR,TX,79370
167,"BLUE AND WHITE WRECKER SERVICE, LLC",,006571274C,DALLAS,TX,75228
169,BOB DOUTHIT AUTOS WRECKER SERVICE INC.,,0642386VSF (Expired!),PAMPA,TX,79066
170,BRIAN'S WRECKER SERVICE,,005052491C (Expired!),PORT ARTHUR,TX,77642
171,BRONCO WRECKER SERVICE,,0651461VSF,EDINBURG,TX,78541
172,BROTHERS BODY SHOP & WRECKER SERVICE INC,AMERICAN TOWING,006473054C,PORT ARTHUR,TX,77642
173,BROTHERS BODY SHOP & WRECKER SERVICE INC,AMERICAN TOWING,0646992VSF,PORT ARTHUR,TX,77642
174,BROTHERS BODY SHOP & WRECKER SERVICE INC,AMERICAN TOWING,0648768VSF,PORT ARTHUR,TX,77642
175,"BUBBA'S WRECKER AND TRANSPORTATION, LLC",,0653764VSF,KILGORE,TX,75662
176,"BUBBA'S WRECKER AND TRANSPORTATION, LLC",,006533112C,KILGORE,TX,75662
177,"BUBBA'S WRECKER AND TRANSPORTATION, LLC",,0657952VSF,KILGORE,TX,75662
178,BUBIE'S WRECKER SERVICE,,0000039118,SAN ANTONIO,TX,78221
179,BUENTELLO WRECKER SERVICE LLC,,0653187VSF,ROSENBERG,TX,77471
180,BUENTELLO WRECKER SERVICE LLC,BUENTELLO WRECKER SERVICE LLC,0651156VSF,RICHMOND,TX,77469
181,BUENTELLO WRECKER SERVICE LLC,,006494762C,ROSENBERG,TX,77471
182,BUENTELLO WRECKER SERVICE LLC,,0657278VSF,ROSENBERG,TX,77471
183,BUENTELLO WRECKER SERVICE LLC,,0655656VSF,ROSENBERG,TX,77471
184,BUENTELLO WRECKER SERVICE LLC,,0658687VSF,RICHMOND,TX,77469
185,BURDEN'S AUTO & WRECKER SERVICE,BURDEN'S AUTO & WRECKER SERVICE,005203588C,BURKBURNETT,TX,76354
186,BUSH WRECKER SERVICE,,0000037750,LEVELLAND,TX,79336
187,BUSH WRECKER SERVICE,,0644388VSF,LEVELLAND,TX,79336
188,BUSSE WRECKER SERVICE LLC,,006501287C,NAVASOTA,TX,77868
190,BUSSE WRECKER SERVICE LLC,,0653871VSF,NAVASOTA,TX,77868
191,C E CEDAR PARK WRECKER SERVICE INC,,0656770VSF (Suspended!),CEDAR PARK,TX,78630
192,CANTU WRECKERS,,005047540C,EAGLE PASS,TX,78852
193,CAPITAL WRECKER INC,,0658814VSF (Suspended!),SAN BENITO,TX,78586
194,CAPITAL WRECKER SERVICE LLC,ZAK'S TOWING,006555802C,MCKINNEY,TX,75070
195,"CAPITAL WRECKER, INC",,006559253C,SAN BENITO,TX,78586
196,"CAPITAL WRECKER, INC",,0659161VSF,SAN BENITO,TX,78586
197,"CASA VIEW WRECKER SERVICE,LLC",CASA VIEW WRECKER SERVICE,005161954C,MESQUITE,TX,75150
198,CASEY'S WRECKER SERVICE,,005031249C (Expired!),EULESS,TX,76040
199,CASTRO'S WRECKER SERVICE,,005450148C,FORT WORTH,TX,76164
200,CATHEY WRECKER SERVICE LLC,,006590991C,ROWLETT,TX,75088
201,CATHEY WRECKER SERVICE LLC,,0659100VSF,ROWLETT,TX,75088
202,CATRACHO'S WRECKER CORPORATION,,006490229C,HOUSTON,TX,77093
203,CC WRECKER SERVICE,,0657320VSF,CORPUS CHRISTI,TX,78468
204,CC WRECKER SERVICES,,006497854C,CORPUS CHRISTI,TX,78468
205,CE CEDAR PARK WRECKER SERVICE INC,CEDAR PARK WRECKER SERVICE,0651166VSF (Suspended!),CEDAR PARK,TX,78630
206,CE CEDAR PARK WRECKER SERVICE INC.,CPW SERVICE,005963982C (Expired!),CEDAR PARK,TX,78630
207,"CE CEDAR PARK WRECKER SERVICE,INC.",,0596469VSF (Suspended!),CEDAR PARK,TX,78630
208,CENTRAL WRECKER,,005527205C,PALMVIEW,TX,78574
209,CHARLIE HINDS WRECKER SERVICE INC,,0653427VSF,PASADENA,TX,77503
211,CHARLIE HINDS WRECKER SERVICE INC.,CHARLIE HINDS WRECKER SERVICE,0641846VSF,PASADENA,TX,77503
212,CHARLIE HINDS WRECKER SERVICE INC.,CHARLIE HINDS WRECKER SERVICE,005151713C,PASADENA,TX,77503
213,CHARLIE'S WRECKER SERVICE,,005054761C,THREE RIVERS,TX,78071
214,CHARLIE'S WRECKER SERVICE & STORAGE FAC,,0642455VSF,THREE RIVERS,TX,78071
215,CHARLIE'S WRECKER SERVICE LLC,CHARLIE'S WRECKER SERVICE LLC,006505771C,CLIFTON,TX,76634
216,"CHARLIE'S WRECKER SERVICE, LLC",,0651201VSF,CLIFTON,TX,76634
217,CHAVEZ WRECKER SERVICE,,006433936C,MERCEDES,TX,78570
218,CHEROKEE WRECKER SERVICE,,006509152C (Expired!),JACKSONVILLE,TX,75766
219,CHESNUT WRECKER SERVICE,,0524263VSF (Expired!),STRAWN,TX,76475
220,CHESNUT WRECKER SERVICE,,005301216C,STRAWN,TX,76475
221,CHINOS WRECKERS LLC,,006573196C,BROWNSVILLE,TX,78521
222,CHINOS WRECKERS LLC,,0657688VSF,BROWNSVILLE,TX,78526
223,CHOTE'S WRECKER SERVICE INC,,006564559C,AUSTIN,TX,78703
224,CHUCK'S WRECKER SERVICE,,0000036522,BEAUMONT,TX,77701
225,"CHUCK'S WRECKER SERVICE, INC.",,0513643VSF,BEAUMONT,TX,77701
226,CINDY'S WRECKER SERVICE LLC,,006534372C,FALFURRIAS,TX,78355
227,CINDY'S WRECKER SERVICE LLC,,0653438VSF,FALFURRIAS,TX,78355
228,CINDY'S WRECKER SERVICE LLC,,0653439VSF,FALFURRIAS,TX,78355
229,CINDY'S WRECKER SERVICE LLC,,0653440VSF (Expired!),FALFURRIAS,TX,78355
230,CINDY'S WRECKER SERVICE LLC,,0653441VSF,FALFURRIAS,TX,78355
232,CINDY'S WRECKER SERVICE LLC,,0658455VSF (Expired!),FALFURRIAS,TX,78355
233,CISCO WRECKER SRVC TOWING & RECOVERY LLC,,006554821C,CISCO,TX,76437
234,CISCO WRECKER SRVC TOWING & RECOVERY LLC,,0655483VSF,CISCO,TX,76437
235,CITY BODY WRECKER SERVICE,,006507491C,HUGO,OK,74743
236,CITY WRECKER,RICARDO RIOS JR DBA CITY WRECKER,0565254VSF,BROWNSVILLE,TX,78526
237,CITY WRECKER,,005667219C,BROWNSVILLE,TX,78526
238,CLARK'S AUTO PARTS & WRECKER SERVICE,,0514813VSF,SAN ANGELO,TX,76903
239,CLARK'S AUTO PARTS & WRECKER SERVICE,,005016288C,SAN ANGELO,TX,76903
240,COBB'S BODY SHOP & WRECKER SERVICE,,005760782C,NAPLES,TX,75568
241,COBB'S BODY SHOP & WRECKER SERVICE,,0576079VSF,NAPLES,TX,75568
242,COLE'S GARAGE & WRECKER SER,,0581985VSF,MARSHALL,TX,75670
243,COLE'S WRECKER SERVICE,,005248882C,FULSHEAR,TX,77441
244,COLLISION CENTER WRECKER SERVICE,,0560205VSF,PHARR,TX,78577
245,COLLISION CENTER WRECKER SERVICE,,005606853C,PHARR,TX,78577
246,COLOMBIA WRECKER SERVICE,COL WRECKER,005688813C,HOUSTON,TX,77063
247,COME AND TAKE IT WRECKER LLC,BROTHERZ TOWING & RECOVERY,006577951C,WILLS POINT,TX,75169
248,COME AND TAKE IT WRECKER LLC,BROTHERZ TOWING & RECOVERY,0658705VSF,WILLS POINT,TX,75169
249,"COMMERCIAL WRECKER SERVICE, INC.",COMMERCIAL WRECKER,005701995C,SAN ANTONIO,TX,78283
250,CORTEZ WRECKER SERVICE,,0535295VSF,PHARR,TX,78577
251,CORTEZ WRECKER SERVICE,,006467772C,PHARR,TX,78577
253,COYIN WRECKER SERVICE LLC,,006576570C,HOUSTON,TX,77017
254,"CROSSFIRE WRECKER SERVICE, INC",,0650679VSF (Suspended!),GEORGE WEST,TX,78022
255,"CROSSFIRE WRECKER SERVICE, INC.",,006504280C (Suspended!),GEORGE WEST,TX,78022
256,CROSSROADS WRECKER SERVICE,,0000037499,HOUSTON,TX,77018
257,CROWN WEST WRECKER II,,0646308VSF,HEMPSTEAD,TX,77445
258,CROWN WRECKER SERVICE INC,,0654272VSF,RICHMOND,TX,77469
259,CROWN WRECKER SERVICE INC,,006542730C,RICHMOND,TX,77469
260,D & E WRECKER SERVICE,,006419567C,RIO GRANDE,TX,78582
261,D & S WRECKER AND SERVICE,,0651133VSF,CARTHAGE,TX,75633
262,D & T WRECKER LLC,,006412151C,HARWOOD,TX,78632
263,D & T WRECKER LLC,,0641216VSF,HARWOOD,TX,78632
264,D & T WRECKER LLC,,0655531VSF,HARWOOD,TX,78632
265,D.C. WRECKER,,005058861C,CYPRESS,TX,77429
266,DAMON'S WRECKER SERVICE,,005066662C,CAMERON,TX,76520
267,DAMON'S WRECKER SERVICE,DAMON'S WRECKER SERVICE,0647972VSF,CAMERON,TX,76520
268,"DAN WHEELER WRECKER SERVICE, INC.",,0000030383,CENTERVILLE,TX,77206
269,DAN'S WRECKER SERVICE,,005844191C,MAXWELL,TX,78656
270,DANNY'S WRECKER SERVICE INC.,,0000037523,ALICE,TX,78332
271,"DANNY'S WRECKER SERVICE, INC.",,0000557VSF (Expired!),ALICE,TX,78332
272,DAVE'S HI-WAY WRECKER SERVICE INC.,,0593307VSF,GRAND PRAIRIE,TX,75050
274,DAVE'S HI-WAY WRECKER SERVICE.INC,,005316007C,GRAND PRAIRIE,TX,75050
275,DAVID & SON WRECKER,,005053521C,HOUSTON,TX,77093
276,DE LA ROSA WRECKING,,0600095VSF,PHARR,TX,78577
277,DE LA ROSA WRECKING,,006452228C,PHARR,TX,78577
278,DE LEON WRECKER SERVICE,,006429953C,RIO BRAVO,TX,78046
279,DE LEON WRECKER SERVICE,,0642996VSF,RIO BRAVO,TX,78046
280,DERWRECK'S,,006556022C (Expired!),EDNA,TX,77957
281,DERWRECKS,,0655603VSF (Expired!),EDNA,TX,77957
282,DEXTER'S WRECKER SERVICES,DEXTER'S WRECKER SERVICES,006468082C (Insurance not applied !),HOUSTON,TX,77060
283,DIAMANTE WRECKER SERVICE LLC,,006596184C,CYPRESS,TX,77429
284,DIAZ & SON'S WRECKER SERVICE LLC,,006598707C,SAN JUAN,TX,78589
285,DMWRECKERSERVICESINC,,006532171C,FORT WORTH,TX,76164
286,DON'S AUTO SALVAGE & WRECKER SERVICE,,005030819C,PINELAND,TX,75968
287,DON'S AUTO SALVAGE & WRECKER SERVICE,,0000751VSF,PINELAND,TX,75968
288,"DOUTHIT, BOB AUTOS WRECKER SERVICE, INC",,005730487C,PAMPA,TX,79066
289,"DOUTHIT, BOB AUTOS, WRECKER SERVICE, INC",,0573044VSF (Expired!),PAMPA,TX,79066
290,DOWNTOWN WRECKER SERVICE INC.,,005057481C (Suspended!),HOUSTON,TX,77003
291,E&L WRECKER SERVICE LLC,,006595754C,CHANNELVIEW,TX,77530
292,EARL'S WRECKER SERVICE INC.,LONE STAR TOWING,005039420C,FORT WORTH,TX,76106
293,EARL'S WRECKER SERVICE INC.,LONE STAR TOWING,0647382VSF,FORT WORTH,TX,76106
295,"ED'S GARAGE & A-1 WRECKER SERVICE, INC.",,0000037705 (Expired!),ENNIS,TX,75120
296,"EDDIE'S WRECKER SERVICE, LLC",FAST EDDIES WRECKER SERVICE,006530760C,FORT WORTH,TX,76179
297,EMERGENCY PERFORMANCE WRECKER SERVICE,,005022778C,HOUSTON,TX,77234
298,ERVIN GARAGE & WRECKER SERVICE,,0641013VSF,DIANA,TX,75640
299,ERVIN WRECKER SERVICE,,006410129C,DIANA,TX,75640
300,"ESCALERA WRECKER, INC.",,005482591C,MISSION,TX,78573
301,"ESCALERA WRECKER, INC.",,0548371VSF,MISSION,TX,78572
302,ESCAMILLA WRECKER SERVICE INC.,ESCAMILLA WRECKER SERVICE,005454058C,HEBBRONVILLE,TX,78361
303,ESPINOZA WRECKER SERVICE,ESPINOZA WRECKER SERVICE,006403204C,PASADENA,TX,77502
304,"EULESS WRECKER SERVICE, INC.",EULESS B&B WRECKER SERVICE,0001090VSF,EULESS,TX,76040
305,"EULESS WRECKER SERVICE, INC.",EULESS B&B WRECKER SERVICE,005063462C,EULESS,TX,76040
306,"EXTREME TOWING & WRECKER, LLC.",,0660033VSF (Pending Review!),EL PASO,TX,79901
307,FAZ WRECKER SERVICE,,005826248C,DALLAS,TX,75223
308,FEFO'S WRECKER SERVICE,,005968593C,DALLAS,TX,75220
309,FERNANDEZ AND SONS WRECKER SERVICE LLC,,006559314C,WALLIS,TX,77485
310,FINCHERS WRECKER SERVICE LLC,FINCHERS WRECKER SERVICE,006521312C (Suspended!),GATESVILLE,TX,76528
311,FINCHERS WRECKER SERVICE LLC,FINCHERS WRECKER SERVICE LLC,0652132VSF (Suspended!),GATESVILLE,TX,76528
312,FIVE STAR WRECKER SERVICE INC,,0653339VSF,BOERNE,TX,78006
313,"FIVE STAR WRECKER SERVICE, INC.",,005015678C,BOERNE,TX,78006
314,"FM 600 WRECKING, INC.",,005040190C,ABILENE,TX,79601
316,FOUR BODY SHOP & WRECKER SERVICE LLC,,006553149C,CARRIZO SPRINGS,TX,78834
317,FOUR BODY SHOP & WRECKER SERVICE LLC,,0655315VSF,CARRIZO SPRINGS,TX,78834
318,"FUZION WRECKER & CRANE SERVICES, LLC",,006555251C,LAREDO,TX,78045
319,GARCIA WRECKER SERVICE,,005119798C,PALMVIEW,TX,78574
320,GARCIA WRECKER SERVICE,,0595382VSF,PALMVIEW,TX,78574
321,GARCIA'S WRECKER,,006110675C,ANGLETON,TX,77515
322,GARCIA'S WRECKER SERVICE,,0611068VSF (Expired!),ANGLETON,TX,77515
323,GARCIA'S WRECKER SERVICE LLC,GARCIA'S WRECKER SERVICE,006471903C,SEGUIN,TX,78155
324,GARCIA'S WRECKER SERVICE LLC,GARCIA'S WRECKER SERVICE,0647191VSF,SEGUIN,TX,78155
325,GARRETT'S WRECKER SERVICE,,006264476C,CARTHAGE,TX,75633
326,GARRETT'S WRECKER SERVICE,,0626836VSF (Expired!),CARTHAGE,TX,75633
327,GARRETTS WRECKER SERVICE,G L TOWING,006492841C (Suspended!),CARTHAGE,TX,75633
328,GARRETTS'S WRECKER,LAGRONE'S TOWING AND TRANSPORT,006468521C,CARTHAGE,TX,75633
329,GASTON WRECKER SERVICE AND STORAGE LLC,,0656065VSF,CHAPPELL HILL,TX,77426
330,"GASTON WRECKER SERVICE AND STORAGE, LLC",,0654461VSF (Suspended!),CHAPPELL HILL,TX,77426
331,GASTONWRECKERSERVICEANDSTORAGELLC,,006559444C,CHAPPELL HILL,TX,77426
332,GATEWAY WRECKER SERVICE LLC,GATEWAY WRECKER SERVICE,006575719C,DIBOLL,TX,75941
333,"GENE'S WRECKER, TIRE & TRUCK REPAIR, LLC",,0657482VSF,EL CAMPO,TX,77437
334,"GENE'S WRECKER, TIRE & TRUCK REPAIR, LLC",,005673470C,EL CAMPO,TX,77437
335,GILLIE'S WRECKER SERVICE,,005007638C,GALENA PARK,TX,77547
337,GILLIE'S WRECKER SERVICE,,0000798VSF,GALENA PARK,TX,77547
338,GILLS WRECKER SERVICE,,0000690VSF,SABINAL,TX,78881
339,GILLS WRECKER SERVICE,,0000036629,SABINAL,TX,78881
340,GLOBAL WRECKER AND RECOVERY SERVICES,GLOBAL WRECKER AND RECOVERY SERVICES,0646892VSF,EDINBURG,TX,78540
341,"GOODMAN & SON WRECKER SERVICE, LLC",,006598727C,FRANKSTON,TX,75763
342,"GOODMAN & SON WRECKER SERVICE, LLC",,0659873VSF,FRANKSTON,TX,75763
343,GOODRUM WRECKER SERVICE LLC,,0000037215,VERNON,TX,76385
344,GOODRUM WRECKER SERVICE LLC,,0581759VSF,VERNON,TX,76385
345,GOVAN GARAGE & WRECKER SERVICE LLC,,006525685C,GIDDINGS,TX,78942
346,GOVAN GARAGE & WRECKER SERVICE LLC,,0652602VSF,GIDDINGS,TX,78942
347,"GRAHAM'S WRECKER SERVICE, INC.",,0000862VSF,CARROLLTON,TX,75006
348,"GRAHAM'S WRECKER SERVICE, INC.",,0000037667,CARROLLTON,TX,75006
349,"GRAHAM'S WRECKER SERVICE, INC.",,0564188VSF,CARROLLTON,TX,75006
350,GRAND PARKWAY WRECKER SERVICE LLC,,0658999VSF (Expired!),RICHMOND,TX,77407
351,GRAND PARKWAY WRECKER SERVICE LLC,,0658372VSF (Insurance not applied !),RICHMOND,TX,77407
352,GRAND PARKWAY WRECKER SERVICE LLC,,006583734C,RICHMOND,TX,77469
353,"GRAND PARKWAY WRECKER SERVICE, LLC",,0660046VSF,RICHMOND,TX,77469
354,GRANGER'S WRECKER SERVICE,,0642062VSF,NEDERLAND,TX,77627
355,GRANGERS WRECKER SERVICE,GRANGERS WRECKER SERVICE,0647404VSF,NEDERLAND,TX,77627
356,GREG'S WRECKER SERVICE LLC,,006547133C,AUSTIN,TX,78747
358,GRITTEN WRECKER SERVICE,GRITTEN WRECKER SERVICE,006588399C (Expired!),WACO,TX,76705
359,GRITTEN WRECKER SERVICE,GRITTEN WRECKER SERVICE,0658840VSF (Suspended!),WACO,TX,76705
360,GUILLORY'S WRECKER SERVICE,,005253872C,BEAUMONT,TX,77705
361,GUILLORY'S WRECKER SERVICE,,0525176VSF,BEAUMONT,TX,77705
362,"GUN BARREL WRECKER SERVICE, INC.",,0000037326,MABANK,TX,75147
363,"GUN BARREL WRECKER SERVICE, INC.",,0522646VSF,MABANK,TX,75147
364,GUY SIMONS WRECKER SERVICE,,0647384VSF,FORT WORTH,TX,76106
365,H & F WRECKER INC,H & F WRECKER INC,006499635C,POINT,TX,75472
366,H & L WRECKER SERVICE,LORI HOBBS,006551848C (Expired!),ATLANTA,TX,75551
367,H & L WRECKER SERVICE,,006540768C,RIO GRANDE CITY,TX,78582
368,H &F WRECKER INC,,0653927VSF (Suspended!),POINT,TX,75472
369,H &F WRECKER INC,,0657781VSF,POINT,TX,75472
370,H&F WRECKER INC,,0651725VSF,POINT,TX,75472
371,"HAINES WRECKER SERVICE, LLC",HAINES & SON WRECKER SERVICE,006429573C,ELK CITY,OK,73644
372,HARGROVE WRECKER AND STORAGE,,005030239C,PORTER,TX,77365
373,HARGROVE WRECKER AND STORAGE,,0572731VSF,PORTER,TX,77365
374,HARRISON WRECKER SERVICE,,006410159C,LIVINGSTON,TX,77351
375,HARWOOD WRECKER LLC,,006544432C (Expired!),LIVINGSTON,TX,77351
376,HARWOOD WRECKER LLC,,0654446VSF (Expired!),LIVINGSTON,TX,77351
377,HAWARA AUTO WRECKER,,005149362C,HOUSTON,TX,77041
379,HAWK WRECKER & AUTO,HAWK WRECKER & AUTO,0655279VSF (Dismissed!),BEAUMONT,TX,77706
380,"HECTOR'S WRECKER SERVICE, INC.",HECTOR'S WRECKER SERVICE,0609584VSF (Pending Review!),PECOS,TX,79772
381,HEREFORD WRECKER SERVICE,,005755561C,HEREFORD,TX,79045
382,HERNANDEZ WRECKER,HERNANDEZ WRECKER,0649617VSF,UVALDE,TX,78801
383,"HESTER'S WRECKER SERVICE, INC.",,005061281C,MESQUITE,TX,75150
384,"HESTER'S WRECKER SERVICE, INC.",,0000891VSF,MESQUITE,TX,75150
385,HIDDEN VALLEY WRECKER INC,,006494061C,HOUSTON,TX,77037
386,HIGHLAND SAFETY WRECKER SERVICE LLC,,0659580VSF,KINGSLAND,TX,78639
387,"HIGHLAND SAFETY WRECKER SERVICE, LLC",,006595794C,KINGSLAND,TX,78639
388,HOLLANDS WRECKER SERVICE,,006435727C,PEARLAND,TX,77581
389,HOLT WRECKER OF BROWNSBORO,,0647833VSF,BROWNSBORO,TX,75756
390,HOLT WRECKER OF BROWNSBORO,,006464930C,BROWNSBORO,TX,75756
391,HOLT WRECKER SERVICE,,006041248C (Expired!),ATHENS,TX,75751
392,HOLT WRECKER SERVICE,,0604125VSF (Insurance not applied !),ATHENS,TX,75751
393,HOLT WRECKER SERVICE LLC,,006598377C,ATHENS,TX,75751
394,HOLT WRECKER SERVICE LLC,,0659838VSF,ATHENS,TX,75751
395,HOMER'S WRECKER SERVICE,,005248532C,HOUSTON,TX,77087
396,HOOK 'EM UP WRECKER SERVICE INC,,006545581C,KILLEEN,TX,76549
397,HOOK 'EM UP WRECKER SERVICE INC,,0654559VSF,KILLEEN,TX,76549
398,HOOK EM UP WRECKER SERVICE,,0648539VSF,DENISON,TX,75020
400,HUMBLE WRECKER SERVICE,,005035759C,HUMBLE,TX,77396
401,HWY 90 WRECKER SERVICE LLC,HWY 90 WRECKER SERVICE,006444583C,DAYTON,TX,77535
402,"I-45 NORTH WRECKER SERVICE, INC.",,005040050C,CONROE,TX,77305
403,"I-45 NORTH WRECKER SERVICE, INC.",,0594218VSF,CONROE,TX,77305
404,IMPERIAL WRECKER SERVICE INC,,0657797VSF (Expired!),ROSENBERG,TX,77471
405,IMPERIAL WRECKER SERVICE INC,,0658663VSF,ROSENBERG,TX,77471
406,IMPERIAL WRECKER SERVICE INC.,,0643649VSF,SUGARLAND,TX,77498
407,IMPERIAL WRECKER SERVICE INC.,,006410279C,SUGAR LAND,TX,77498
408,"IMPERIAL WRECKER, LLC",,006588839C,SAN ANTONIO,TX,78210
409,INTEGRITY WRECKER & RECOVERY LLC,,0658645VSF,DECATUR,TX,76234
410,INTEGRITY WRECKER & RECOVERY LLC,,006573377C,DECATUR,TX,76234
411,IRVAN J. WRECKER SERVICE,,005591631C,MAGNOLIA,TX,77355
412,"IRVING WRECKER SERVICE, INC",,006480982C,GARLAND,TX,75043
413,ISAACS WRECKER SERVICE,,0641285VSF,TYLER,TX,75709
414,ISAACS WRECKER SERVICE,"ISAACS WRECKER SERVICE, LLC",005512904C,TYLER,TX,75709
415,ISAACS WRECKER SERVICE LLC,,0656242VSF,TYLER,TX,75709
416,ISAACS WRECKER SERVICE LLC,,0656243VSF,TYLER,TX,75709
417,ISAACS WRECKER SERVICE LLC,,0656244VSF,TYLER,TX,75709
418,ISAACS WRECKER SERVICE LLC,,0657142VSF,TYLER,TX,75709
419,ISAACS WRECKER SERVICE LLC,,0655449VSF,TYLER,TX,75709
421,"ISAACS WRECKER SERVICE, L.L.C.",,0657045VSF,TYLER,TX,75709
422,"ISAACS WRECKER SERVICE, L.L.C.",,0657046VSF,TYLER,TX,75709
423,ISMAEL'S WRECKER SERVICE LLC,,006512995C,ROSENBERG,TX,77471
424,ISMAEL'S WRECKER SERVICE LLC,ISMAEL'S WRECKER SERVICE,0651300VSF,ROSENBERG,TX,77471
425,"J & I WRECKER SERVICE, LLC","ECONOMY TOWING, LLC",006547203C (Expired!),SARITA,TX,78385
426,J & J WRECKER SERVICE,,005031379C,CLEVELAND,TX,77328
427,J & J WRECKER SERVICE,,0000254VSF,CLEVELAND,TX,77328
428,J & K WRECKER SERVICE LLC,,006467461C (Expired!),TATUM,NM,88267
429,"J & L WRECKER SERVICE, INC.",J & N WRECKER SERVICE,0001041VSF,GLENN HEIGHTS,TX,75123
430,"J & M WRECKER SERVICE, INC.",,0514934VSF,CLUTE,TX,77531
431,"J & M WRECKER SERVICE, INC.",,0000037752,CLUTE,TX,77531
432,J & S WRECKER SERVICE LLC,J&S TOWING,006590511C,WALLISVILLE,TX,77597
433,J & S WRECKER SERVICE LLC,,0659052VSF,WALLISVILLE,TX,77597
434,J & S WRECKER SERVICE LLC,J & S TOWING,0659053VSF,WALLISVILLE,TX,77597
435,J & S WRECKER SERVICE LLC,J & S TOWING,0659054VSF,WALLISVILLE,TX,77597
436,J FLORES WRECKING ENTERPRISES INC,FLORES WRECKER & TOWING,0643157VSF,ABILENE,TX,79601
437,J FLORES WRECKING ENTERPRISES INC.,FLORES WRECKER & TOWING,006095374C,ABILENE,TX,79601
438,"J J WRECKER SERVICE, LLC",,006558413C,GARCIASVILLE,TX,78547
439,J WRECKER LLC,,006603461C,PLANO,TX,75024
440,J&I WRECKER SERVICE LLC,FALFURRIAS STORAGE FACILITY,0648169VSF,SARITA,TX,78385
442,"J&I WRECKER SERVICE, LLC",,006565240C,SARITA,TX,78385
443,J&J WRECKER SERVICES LLC,,0659560VSF,HOUSTON,TX,77084
444,J&J WRECKER SERVICES LLC,,006584235C,HOUSTON,TX,77084
445,J-N WRECKER SERVICE,J&N WRECKER SERVICE,005044950C,RED OAK,TX,75154
446,J. J. WRECKER SERVICE,,0547669VSF,GARCIASVILLE,TX,78547
447,J.D.'S WRECKER SERVICE,J.D.'S WRECKER SERVICE,0549427VSF,ANSON,TX,79501
448,J.D.'S WRECKER SERVICE,J.D.'S WRECKER SERVICE,005064612C,ANSON,TX,79501
449,"J.D.S. WRECKER,INC.",,0532342VSF,KERRVILLE,TX,78028
450,"J.D.S. WRECKER,INC.",,005318907C,KERRVILLE,TX,78028
451,J.M.J WRECKING YARD AND STORAGE FACILITY,,0657077VSF,WACO,TX,76705
452,J.M.J WRECKING YARD AND STORAGE FACILITY,,006570784C,WACO,TX,76705
453,JACK'S WRECKER SERVICE,,005953581C,HOUSTON,TX,77060
454,JACKSON'S WRECKER SERVICE LLC,,006423238C (Expired!),KATY,TX,77494
455,JACKSON'S WRECKER SERVICE LLC,,0652918VSF (Expired!),KATY,TX,77494
456,JACKSON'S WRECKER SERVICE LLC,,0658395VSF (Expired!),KATY,TX,77494
457,JC WRECKER SERVICE LLC,J.C. AUTO COLLISION,005770763C,MANVEL,TX,77578
458,JC'S WRECKER SERVICE,JC'S WRECKER SERVICE,0646959VSF,EDINBURG,TX,78540
459,JIMBOS WRECKER SERVICES LLC,JIMBO'S WRECKER SERVICE,006428732C,HOUSTON,TX,77015
460,JO'S WRECKER SERVICE LLC,JO'S WRECKER SERVICE,006416795C,DAYTON,TX,77535
461,JOE'S WRECKER,,0631082VSF,BIG SANDY,TX,75765
463,JOE'S WRECKER,,005017048C,BIG SANDY,TX,75755
464,JOHNNY ADAMICK 'S WRECKER SERVICE,,006409588C,WILLIS,TX,77378
465,JOHNNY ADAMICK WRECKER SERVICE LLC,,0644933VSF,WILLIS,TX,77378
466,JOHNNY WRECKER SERVICE,,006488497C,DALLAS,TX,75236
467,JOHNNY'S WRECKER SERVICE,,0537098VSF,UNIVERSAL CITY,TX,78148
468,JOHNNY'S WRECKER SERVICE,"JOHNNY'S WRECKER SERVICE,LLC",005417956C,UNIVERSAL CITY,TX,78148
469,JONES AUTOMOTIVE & WRECKER SERVICE,,0000038042,KAUFMAN,TX,75142
470,JORGE LOPEZ DBA LULU'S WRECKER SERVICE,,005079794C,HOUSTON,TX,77015
471,JOVEL WRECKER SERVICE,,006434857C,HOUSTON,TX,77091
472,JR'S WRECKER SERVICE,,005946950C,PHARR,TX,78577
473,JR'S WRECKER SERVICE LLC,,006479390C,ROMA,TX,78584
474,JR'S WRECKER SERVICE LLC,,0647947VSF,ROMA,TX,78584
475,JTS WRECKER & RECOVERY LLC,,0658445VSF,MIDLAND,TX,79706
476,"JUAN'S WRECKER & TRUCK ROAD SERVICE, LLC",,006506152C,SARITA,TX,78385
477,"JUAN'S WRECKER & TRUCK ROAD SERVICE, LLC",,0599558VSF,SARITA,TX,78385
478,"JV'S WRECKER, LLC.",JVS WRECKER SERVICES,005157703C (Insurance not applied !),MARTINDALE,TX,78655
479,K & K WRECKER,,005221628C,HOUSTON,TX,77039
480,KELLY MCKNIGHT WRECKER SERVICE INC,,0000030030,ARLINGTON,TX,76011
481,KELLY MCKNIGHT WRECKER SERVICE INC,,0606565VSF (Expired!),ARLINGTON,TX,76004
482,"KELLY MCKNIGHT WRECKER SERVICE, INC.",,0000637VSF (Expired!),ARLINGTON,TX,76004
484,KEMP'S WRECKER SERVICE LLC,,006426420C,DECATUR,TX,76234
485,KEMP'S WRECKER SERVICE LLC,,0642693VSF,DECATUR,TX,76234
486,KEYS WRECKER SERVICE,,005168084C,CHANNELVIEW,TX,77530
487,KRESTA WRECKER SERVICE,,006457833C (Expired!),WHARTON,TX,77488
488,KYA WRECKER SERVICES,,006440660C,HOUSTON,TX,77055
489,L & P WRECKER SERVICE,,005148932C,PALESTINE,TX,75802
490,L. AVILEZ WRECKER SERVICE,,006429482C,CLEVELAND,TX,77328
491,LA FERIA WRECKER SER.,,0000030169,LA FERIA,TX,78559
492,LA MARQUE AUTO SALVAGE/BEST WRECKER,,0507860VSF,LA MARQUE,TX,77568
493,LA MARQUE AUTO SALVAGE/BEST WRECKER,,0535633VSF,LA MARQUE,TX,77568
494,"LADS WRECKER SERVICE, INC.",,005056351C,LUBBOCK,TX,79408
495,"LADS WRECKER SERVICE, INC.",,0001214VSF (Expired!),LUBBOCK,TX,79408
496,LAKESIDE WRECKER AUTOPLEX LLC,,006598517C,MATHIS,TX,78368
497,LAKESIDE WRECKER AUTOPLEX LLC,,0659852VSF,MATHIS,TX,78368
498,LAKESIDE WRECKER LLC,,006587838C,MATHIS,TX,78368
499,LAKESIDE WRECKER LLC,,0659002VSF (Insurance not applied !),MATHIS,TX,78368
500,LAMARQUE AUTO SALVAGE/ BEST WRECKER,,000072777C,LA MARQUE,TX,77568
501,LANDON'S HEAVY WRECKER SERVICE,,0617873VSF,PEARLAND,TX,77581
502,LANDONS HEAVY WRECKER SERVICE,,006178540C,PEARLAND,TX,77581
503,LARRY'S WRECKER SERVICE,,0642325VSF,RICHMOND,TX,77406
505,LARRY'S WRECKER SERVICE,ENRIQUE A AVILA JR,005063592C,RICHMOND,TX,77406
506,LEAD WRECKER AND RECOVERY LLC,,0654851VSF,ODESSA,TX,79761
507,LEAD WRECKER AND RECOVERY LLC,,006540398C,ODESSA,TX,79761
508,LEAD WRECKER LLC,LEAD WRECKER LLC,006575979C,ODESSA,TX,79761
509,LEO'S WRECKER SERVICE AND STORAGE,,005143472C,DEL RIO,TX,78840
510,LEO'S WRECKER SERVICE AND STORAGE,,0619493VSF,DEL RIO,TX,78840
511,LEO'S WRECKER SERVICE LLC,,006589660C,KATY,TX,77449
512,"LIGGIO'S WRECKER SERVICE, INC",,0550185VSF,DICKINSON,TX,77539
513,"LIGGIO'S WRECKER SERVICE, INC.",,0000039359 (Expired!),DICKINSON,TX,77539
514,LINDALE WRECKER SERVICE,,006439949C,HOUSTON,TX,77093
515,LOBO WRECKER SERVICE,,006436958C,RIO GRANDE,TX,78582
516,LOLO & SONS WRECKER SERVICE,,005020438C,VAN HORN,TX,79855
517,LONDON'S WRECKER SERVICE,,0632267VSF (Expired!),LONGVIEW,TX,75601
518,LONDON'S WRECKER SERVICE,,006009217C (Suspended!),LONGVIEW,TX,75601
519,LOPEZ WRECKER SERVICE,,005573608C,GARCIASVILLE,TX,78547
520,LOS CAMPIONES WRECKER SERVICE LLC,,006560265C (Expired!),HOUSTON,TX,77067
521,LUBBOCK WRECKER SERVICE INC,,0000030950,LUBBOCK,TX,79408
522,LUBBOCK WRECKER SERVICE INC.,,0659715VSF,LUBBOCK,TX,79452
523,"LUBBOCK WRECKER SERVICE, INC.",,0000635VSF,LUBBOCK,TX,79452
524,"LUBBOCK WRECKER SERVICE, INC.",,0596611VSF,LUBBOCK,TX,79452
526,LUCKY 13 WRECKER SERVICE LLC,,006571875C,AUSTIN,TX,78731
527,LUPE'S WRECKER SERVICE,,005961172C,BROWNSVILLE,TX,78521
528,LUPE'S WRECKER SERVICE,,0593486VSF,BROWNSVILLE,TX,78521
529,LYNKUP WRECKER SERVICE INC,,006579642C (Suspended!),ABILENE,TX,79603
530,LYNKUP WRECKER SERVICE INC,,0658006VSF (Suspended!),ABILENE,TX,79603
531,M & M WRECKER SERVICE AND AUTO SALES INC,,006433335C,LAREDO,TX,78041
532,M&R WRECKER & RECOVERY INC.,,006509283C (Expired!),ABILENE,TX,79603
533,M.D. WILSON WRECKER SERVICE,,006460865C,MISSOURI CITY,TX,77489
534,MAINFRAME 24HR WRECKER SERVICE,,005783295C,DAYTON,TX,77535
535,MANJANG'S AUTO TECH & WRECKER LLC,,006522262C,DAINGERFIELD,TX,75638
536,MANJANG'S AUTO TECH & WRECKER LLC,,0652227VSF,DAINGERFIELD,TX,75638
537,"MARLOWS WRECKER SERVICE, LLC.",MARLOW'S WRECKER SERVICE,005996435C,KAUFMAN,TX,75142
538,"MARLOWS WRECKER SERVICE, LLC.",MARLOW'S WRECKER SERVICE,0654982VSF,KAUFMAN,TX,75142
539,MARSHALL WRECKER SERVICE,,005323657C,HOUSTON,TX,77016
540,MARTIN BOREN 24 HR WRECKER SER LLC,BOREN TO TOW,006476277C,CENTERVILLE,TX,75833
541,MARTIN BOREN 24 HR WRECKER SERVICE LLC,BOREN TO TOW,0648931VSF,CENTERVILLE,TX,75833
542,MARTINEZ WRECKER SERVICE,,005039740C,LAREDO,TX,78041
543,MARTINEZ WRECKER SERVICE,,0001169VSF,LAREDO,TX,78043
544,MAVERICK WRECKER AND RECOVERY LLC,,006587068C,BIG SPRING,TX,79720
545,MC WRECKER SERVICE LLC,,006568772C,GRAND PRAIRIE,TX,75052
547,MCW WRECKER LLC,,0657240VSF,BANDERA,TX,78003
548,MCW WRECKER LLC,,006570814C,BANDERA,TX,78003
549,MD WRECKER SERVICE,,005780884C,ARLIGNTON,TX,76017
550,MEGAN WRECKER SERVICE LLC,,006600519C,HOUSTON,TX,77049
551,MERCHANTS WRECKER SERVICE INC,MERCHANTS WRECKER SERVICE,0643933VSF,ALVIN,TX,77511
552,MERCHANTS WRECKER SERVICE INC,MERCHANTS WRECKER SERVICE,006424329C,ALVIN,TX,77511
553,METRO WRECKER LLC,METRO WRECKER,006600639C,SAN ANTONIO,TX,78251
554,MID TOWN WRECKER SERVICE,,006481671C (Expired!),HOUSTON,TX,77014
555,MID VALLEY WRECKER SERVICE,,005731738C,WESLACO,TX,78596
556,MID VALLEY WRECKER SERVICE,,0573207VSF,WESLACO,TX,78596
557,MIDWAY TOWING AND WRECKER LLC,,006562727C,EASTLAND,TX,76448
558,MIDWAY WRECKER SERVICE,,005307917C,KERRVILLE,TX,78028
559,MIDWAY WRECKER SERVICE,,0549722VSF,KERRVILLE,TX,78028
560,MIKE PURDOM'S WRECKER SERVICE,,005581739C,EASTLAND,TX,76448
561,MIKE PURDOM'S WRECKER SERVICE,,0651251VSF,EASTLAND,TX,76448
562,MIKE'S WRECKER SERVICE,,005574568C,RICHMOND,TX,77469
563,MIKE'S WRECKER SERVICE,,0595876VSF,RICHMOND,TX,77406
564,"MIKE'S WRECKING, INC",,005058021C (Expired!),ABILENE,TX,79601
565,MIKES WRECKER SERVICE,,005058431C,BREMOND,TX,76629
566,MIKES WRECKER SERVICE - MIKE MUZYKA,MIKES WRECKER SERVICE,0655590VSF (Pending Review!),BREMOND,TX,76629
568,MILLER & SON WRECKER SERVICE,,005062212C,HOUSTON,TX,77093
569,MILLER & SON WRECKER SERVICE & STORAGE,,0001156VSF,HOUSTON,TX,77093
570,MILLER'S WRECKER SERVICE,,005627946C,WEATHERFORD,TX,76085
571,MILSTEAD WRECKER SERVICES LLC,MSC TOWING,0652111VSF,CONROE,TX,77303
572,"MILSTEAD WRECKER SERVICES, LLC",,006507301C,CONROE,TX,77303
573,MIRAGE WRECKER SERVICE INC,,006462667C,DALLAS,TX,75207
574,"MISSION WRECKER SERVICE S.A., INC.",,005746509C,CONVERSE,TX,78109
575,"MISSION WRECKER SERVICE S.A., INC.",,0570027VSF,CONVERSE,TX,78109
576,MITCHEM WRECKER AND RECOVERY LLC,,0658703VSF,BIG SPRING,TX,79720
577,MITCHEM WRECKER AND RECOVERY LLC,,006586728C,BIG SPRING,TX,79720
578,MKM WRECKER SERVICE,,005360050C,SWEETWATER,TX,79556
579,MKM WRECKER SERVICE,,0542352VSF,SWEETWATER,TX,79556
580,MOMENTUM WRECKER SERVICE LLC,,006589580C (Expired!),SPRING,TX,77380
581,MORRIS WRECKER SERVICE LLC,,005466229C,ROSHARON,TX,77583
582,MORRIS WRECKING CREW LLC,,005993315C,COLORADO CITY,TX,79512
583,MORRIS WRECKING CREW LLC,,0599511VSF,COLORADO CITY,TX,79512
584,MOTORTOW WRECKER RECOVERY & TRANSPORT IN,,0654512VSF,NEW BOSTON,TX,75570
585,MOTORTOW WRECKER RECOVERY AND HEAVY HAUL,,006573607C,NEW BOSTON,TX,75570
586,MOTORTOW WRECKER RECOVERY TRANSPORT INC,,006534352C,NEW BOSTON,TX,75570
587,MR WRECKER LLC,,006531951C,KERRVILLE,TX,78029
589,MR WRECKER LLC,,0655723VSF,KERRVILLE,TX,78029
590,MR. ED WRECKER,,006182760C,HOUSTON,TX,77243
591,MURPHY'S 24-HR WRECKER SERVICE LLC,,006571184C,HAMILTON,TX,76531
592,MURPHY'S 24-HR WRECKER SERVICE LLC,,0657119VSF,HAMILTON,TX,76531
593,MUSTANG WRECKER SERVICE LLC,,006527678C,DALLAS,TX,75228
594,"N HARRIS AUTO STORAGE & WRECKER SVC, LLC",,0659722VSF,TOMBALL,TX,77375
595,N.E.S.W. WRECKER SERVICE LLC,,006476287C,HOUSTON,TX,77084
596,NEELEY'S SERVICE CENTER & WRECKER SVC,,006425300C,TEXARKANA,TX,75501
597,NEELEY'S SERVICE CENTER & WRECKER SVC,,0642596VSF,TEXARKANA,TX,75501
598,NEELEY'S SERVICE CENTER & WRECKER SVC,,0654528VSF,TEXARKANA,AR,71854
599,NEIRA'S WRECKING YARD,,006408178C,SAN ANGELO,TX,76905
600,NEWMAN'S WRECKER SERVICE,,005301776C,PALMER,TX,75152
601,NORMAN'S WRECKER SERVICE,,005052931C,BELTON,TX,76513
602,NORTH HOUSTON WRECKER SERVICE LLC,,006583914C (Pending Review!),CYPRESS,TX,77429
603,"NORTHPOINT WRECKER SERVICE, LLC",,006583194C (Insurance not applied !),PORTER,TX,77365
604,NORTHWAY WRECKER SERVICE INC,,006527938C,CYPRESS,TX,77429
605,NTX WRECKER SERVICE LLC,NTX WRECKER SERVICE,0649722VSF,ROWLETT,TX,75088
606,NTX WRECKER SERVICE LLC,NTX WRECKER SERVICE,006406837C,ROWLETT,TX,75088
607,O BAR WRECKER SERVICE LLC,,0655632VSF,ABILENE,TX,79604
608,O'BAR WRECKER SERVICE,O'BAR WRECKER SERVICE,0645329VSF (Expired!),ABILENE,TX,79604
610,O'BAR WRECKER SERVICE,,0000039322,ABILENE,TX,79604
611,OBAR WRECKER SERVCE LLC,,006556441C,ABILENE,TX,79604
612,OCHOA'S WRECKER SERVICE,,0659066VSF,GARCIASVILLE,TX,78547
613,OCHOA'S WRECKER SERVICE,,0594895VSF,GARCIASVILLE,TX,78547
614,OCHOA'S WRECKER SERVICE,,005917918C,GARCIASVILLE,TX,78547
615,ODESSA WRECKER SERVICE INC,,0642507VSF,ODESSA,TX,79764
616,ODESSA WRECKER SERVICE INC,,006425129C,ODESSA,TX,79764
617,OLD 181 WRECKER SERVICE LLC,,006586217C,KENEDY,TX,78119
618,OLD 181 WRECKER SERVICE LLC,,0658622VSF,KENEDY,TX,78119
619,ORELLANA'S AUTO WRECK YARD LLC,,006591542C,DALLAS,TX,75236
620,"ORR WRECKER & TOWING SERVICE, INC.",,0587130VSF,AUSTIN,TX,78737
621,"ORR WRECKER & TOWING SERVICE, INC.",,005715536C,AUSTIN,TX,78737
622,OSCAR'S WRECKER SERVICE,,005570308C,HOUSTON,TX,77022
623,PACKS WRECKER SERVICE,PACKS WRECKER SERVICE,005046660C,DUMAS,TX,79029
624,PACKS WRECKER SERVICE,PACKS WRECKER SERVICE,0001496VSF,DUMAS,TX,79029
625,PANHANDLE WRECKER SERVICE,,005028519C,CLARENDON,TX,79226
626,PANHANDLE WRECKER SERVICE,,0573619VSF,CLARENDON,TX,79226
627,PARKER COUNTY WRECKER SERVICE INC,AA WRECKER SERVICE,0657429VSF,WEATHERFORD,TX,76085
628,"PARKER COUNTY WRECKER SERVICE, INC",AA WRECKER SERVICE,005359350C,WEATHERFORD,TX,76085
629,PATRIOT WRECKER SERVICE,PATRIOT WRECKER SERVICE,0640554VSF (Expired!),BASTROP,TX,78602
631,PAUL'S WRECKER,,0583964VSF,HUNTSVILLE,TX,77320
632,PAYNE'S WRECKER SERVICE INC.,PAYNE & SONS PAYNES WRECKER SVC INC,0000359VSF,SILSBEE,TX,77656
633,PAYNE'S WRECKER SERVICE INC.,PAYNE & SONS PAYNES WRECKER SVC INC,005033799C,SILSBEE,TX,77656
634,PAYNE'S WRECKER SERVICE INC.,"PAYNE & SONS, PAYNE & SONS WRECKER SVC.P",0616754VSF,SILSBEE,TX,77656
635,PEEPLES WRECKER SERVICE LLC,,006513536C,SEGUIN,TX,78155
636,PEEPLES WRECKER SERVICE LLC,,0651360VSF,SEGUIN,TX,78155
637,PENA'S WRECKER SERVICE,,005020418C,BROWNSVILLE,TX,78521
638,PENA'S WRECKER SERVICE,,0567844VSF,BROWNSVILLE,TX,78521
639,PENICK WRECKER SERVICE,,006200631C,HEARNE,TX,77859
640,PEPE'S WRECKER SERVICE,,006484223C,HOUSTON,TX,77255
641,"PERFORMANCE WRECKER SERVICE, LLC",PERFORMANCE TOWING & RECOVERY,006465360C,ROSENBERG,TX,77471
642,"PERFORMANCE WRECKER SERVICE, LLC",PERFORMANCE TOWING & RECOVERY,0653186VSF,ROSENBERG,TX,77471
643,PERRY'S WRECKER SERVICE,PERRY'S WRECKER SERVICE,005042170C,SPRING,TX,77383
644,PERRY'S WRECKER SERVICE LLC,,006592972C,CLEVELAND,TX,77327
645,PERRY'S WRECKER SERVICE LLC,PERRY'S WRECKER SERVICE LLC,0659298VSF,CLEVELAND,TX,77327
646,PHIL THWEATT WRECKER SERVICE INC,,006508342C (Suspended!),BRYAN,TX,77806
647,PHIL THWEATT WRECKER SERVICE INC,,0650919VSF (Suspended!),BRYAN,TX,77806
648,PHOENIX COLLISION INC ALL-STAR WRECKER,,0645593VSF,ABILENE,TX,79602
649,PHOENIX COLLISION INC ALL-STAR WRECKER,TEXAS LONE STAR DBA ALL-STAR WRECKER SER,005396734C,ABILENE,TX,79602
650,PIAZZA WRECKER SERVICE LLC,,006600599C,ATLANTA,TX,75551
652,PINX WRECKER LLC,,006495252C,SAN ANTONIO,TX,78245
653,PJ'S WRECKER SERVICE,,005108517C,COLORADO CITY,TX,79512
654,PJ'S WRECKER SERVICE,,0514871VSF,COLORADO CITY,TX,79512
655,POPS WRECKER SERVICE LLC,,006585496C (Expired!),EDNA,TX,77957
656,PORTERFIELD'S WRECKER SERVICE,PORTERFIELD'S WRECKER SERVICE,006497974C (Suspended!),MARSHALL,TX,75670
657,PORTLAND AUTO & WRECKER SERVICE,,005148792C,PORTLAND,TX,78374
658,"POTEET WRECKER SERVICE, INC.",,005347199C,PASADENA,TX,77501
659,"POTEET WRECKER SERVICE, INC.",,0549100VSF,PASADENA,TX,77501
660,PREMIER & CENTRAL WRECKER SERVICE,,0529795VSF,MISSION,TX,78572
661,PREMIER WRECKER SERVICE,,005622835C,PALMVIEW,TX,78574
662,PRIORITY 1 WRECKER SERVICES LLC,,006567661C,HUMBLE,TX,77346
663,PRO WRECKER ENTERPRISES LLC,ALFA AUTO SERVICES,006506392C,SUGAR LAND,TX,77478
664,PRO WRECKER ENTERPRISES LLC,ALFA TOWING,006460905C,SUGAR LAND,TX,77478
665,PRO-CARE WRECKER SERVICE,,006180110C (Insurance not applied !),SPRING BRANCH,TX,78070
666,PRO-TOW WRECKER SERVICE,PRO TOW WRECKER,0000030825,LEWISVILLE,TX,75067
667,PROFESSIONAL WRECKER SERVICE,PROFESSIONAL WRECKER SERVICE,006520391C,SAN ANTONIO,TX,78212
668,PROMISEWRECKERSERVICESLLC,,006582403C,ODESSA,TX,79764
669,PRONTO WRECKER SERVICE,,0640524VSF,AUSTIN,TX,78758
670,PRONTO WRECKER SERVICE,,005145722C,AUSTIN,TX,78758
671,QUALITY WRECKER SERVICE INC,,0653820VSF,FRESNO,TX,77545
673,"QUALITY WRECKER SERVICE, INC.",,0641767VSF,FRESNO,TX,77545
674,R & M WRECKER SERVICE,,006461096C,BURNET,TX,78611
675,R & R WRECKER SERVICE,,005655248C (Expired!),BAY CITY,TX,77414
676,R & R WRECKER SERVICE,R & R WRECKER SERVICE,0573501VSF (Pending!),BAY CITY,TX,77414
677,R P WRECKER SERVICE,,005686223C (Expired!),WAXAHACHIE,TX,75165
678,R&M WRECKER SERVICE LLC,,0660142VSF,BURNET,TX,78611
679,RAKOWITZ WRECKER SERVICE LLC,OLD 181 WRECKER SERVICE,0658543VSF (Suspended!),KENEDY,TX,78119
680,RAKOWITZ WRECKER SERVICE LLC,OLD 181 WRECKER SERVICE,006585446C (Suspended!),KENEDY,TX,78119
681,RAMOS WRECKER SERVICE LLC,,005914938C,HOUSTON,TX,77035
682,RANDY'S WRECKER SERVICE,,0550233VSF,TAYLOR,TX,76574
683,RANDY'S WRECKER SERVICE,,005456668C,TAYLOR,TX,76574
684,RAYMOND WRECKER SERVICE,,005782945C,HOUSTON,TX,77015
685,"RAZORBACK WRECKER SERVICE, INC",,005966443C,TEXARKANA,AR,71854
686,RED RAIDER WRECKER INC,,006417455C,LUBBOCK,TX,79404
687,RED RAIDER WRECKER INC,,0641746VSF,LUBBOCK,TX,79404
688,RED RIVER WRECKER SERVICE,,006426070C,FULTON,AR,71838
689,"RED'S WRECKER SERVICE, INC.",,0508303VSF,PEARLAND,TX,77581
690,"RED'S WRECKER SERVICE, INC.",,005037289C,PEARLAND,TX,77584
691,REFLECTIVE WRECKER LLC,,006567252C (Suspended!),VON ORMY,TX,78073
692,RELIABLE WRECKER & ROADSIDE ASSISTANCE,,006584675C (Suspended!),COPPER CANYON,TX,75077
694,RELIABLE WRECKER & ROADSIDE ASSISTANCE,,006520851C (Expired!),GARLAND,TX,75041
695,RG 24/7 WRECKER SERVICE,RG 24/7 WRECKER SERVICE,006311858C,DALLAS,TX,75228
696,RICKEY'S WRECKER SERVICE,,005036979C,CONROE,TX,77385
697,RICKEY'S WRECKER SERVICE,,0001447VSF,CONROE,TX,77385
698,RICKY'S WRECKER,,005922178C,SEAGOVILLE,TX,75159
699,"RICKY'S WRECKER SERVICE, INC.",,0652493VSF,SEAGOVILLE,TX,75159
700,RILEY WRECKER SERVICE LLC,,006570824C,CORRIGAN,TX,75939
701,"RILEY WRECKER SERVICE, LLC",,0657083VSF,CORRIGAN,TX,75939
702,RIO TRAILER AND WRECKER SERVICE,RIO TRAILER SHOP,0000037199,DEL RIO,TX,78840
703,"RIO WRECKER SERVICE, LLC",,0649133VSF,PHARR,TX,78577
704,"RIO WRECKER SERVICE, LLC",,006486185C,PHARR,TX,78577
705,RIVER CITY WRECKER SERVICE,,006092914C,LLANO,TX,78643
706,RIVER CITY WRECKER SERVICE,,0609292VSF,LLANO,TX,78643
707,ROCHA'S WRECKER SERVICE,,006474085C,ENNIS,TX,75119
708,ROGER CABELLO WRECKER SERVICE,,0000405VSF,LAREDO,TX,78043
709,RONNIE'S WRECKER SERVICE,,005577789C,MARSHALL,TX,75670
710,"ROSADO'S WRECKER, LLC",,0659350VSF (Suspended!),SWEETWATER,TX,79556
711,ROY'S WRECKER SERVICE,,0646016VSF,JUNCTION,TX,76849
712,ROYAL WRECKER SERVICE INC,,006525615C,RICHMOND,TX,77469
713,ROYAL WRECKER SERVICE INC,,0652566VSF,RICHMOND,TX,77469
715,ROYAL WRECKER SERVICE INC,,0653348VSF,STAFFORD,TX,77477
716,SALAZAR WRECKER SERV.,,0595883VSF,MCALLEN,TX,78501
717,SALAZAR WRECKER SERVICE INC.,,006194631C,MCALLEN,TX,78501
718,SAND HILL WRECKER SERVICE LLC,,006540998C,CENTER,TX,75935
719,SAND HILL WRECKER SERVICE LLC,,0654181VSF,CENTER,TX,75935
720,SANTOS ALFARO DBA SANTOS WRECKER SERVICE,SANTOS WRECKER SERVICE,006429352C (Suspended!),BALCH SPRINGS,TX,75180
721,SANTOS WRECKER SERVICE LLC,,006587929C,BALCH SPRINGS,TX,75180
722,SAUCEDO'S WRECKER SERVICE,SAUCEDO WRECKER SERVICE VSF,0000036704,SAN MARCOS,TX,78666
723,SAUCEDO'S WRECKER SERVICE,SAUCEDO WRECKER SERVICE VSF,0532170VSF,SAN MARCOS,TX,78666
724,SAULS WRECKER SERVICE INC.,,0559796VSF,MC KINNEY,TX,75070
725,"SAULS WRECKER SERVICE, INC.",,005597012C,MC KINNEY,TX,75070
726,SE-RO III WRECKER SERVICE,SE-RO III WRECKER SERVICE,0650713VSF,MISSION,TX,78573
727,SERDA'S TOWING & WRECKER SERVICE,,006344761C,SAN ANTONIO,TX,78211
728,SHANAFELT WRECKER SERVICES LLC,,0657997VSF,SEGUIN,TX,78155
729,"SHANAFELT WRECKER SERVICES, LLC",,006579791C,SEGUIN,TX,78155
730,SHIPMAN'S WRECKING SERVICE INC,,005776594C,MULESHOE,TX,79347
731,SHIPMANS WRECKING SERVICE INC,,0650659VSF,MULESHOE,TX,79347
732,SID'S WRECKER SERVICE,,0570145VSF (Expired!),EDNA,TX,77957
733,SID'S WRECKER SERVICE,,005012318C,EDNA,TX,77957
734,SILVERSTAR WRECKER SVC LLC,,0652041VSF,WEATHERFORD,TX,76087
736,"SILVERSTAR WRECKER SVC, LLC",,006441861C,WEATHERFORD,TX,76087
737,"SIMONS, GUY, WRECKER SERVICE, INC",,0000037001,FORT WORTH,TX,76106
738,SKEETER'S WRECKER SERVICE INC.,,005653618C,WHITESBORO,TX,76273
739,SMITH BROTHERS WRECKER SERVICE,SMITH BROTHERS WRECKER SERVICE,006538576C (Insurance not applied !),JACKSONVILLE,TX,75766
740,"SOCO'S WRECKER SERVICE, LLC",,006557001C,DUNCANVILLE,TX,75137
741,SOLO WRECKER SERVICE,,006507361C,LUFKIN,TX,75902
742,SOUTH COUNTY WRECKER SERVICE LLC,QUIK TOW WRKR & SOUTH CNTY WRKER & STOR,006484013C,CONROE,TX,77385
743,SOUTH COUNTY WRECKER SERVICE LLC,,0656013VSF,CONROE,TX,77385
744,SOUTH WEST TN WRECKER,SOUTHWEST TN WRECKER SERVICES,006413142C (Insurance not applied !),HOUSTON,TX,77072
745,"SOUTHSIDE WRECKER, INC.",,0000036778,MANCHACA,TX,78652
746,"SOUTHSIDE WRECKER, INC.",TEXAN TOWING,006545952C,MANCHACA,TX,78652
747,"SOUTHSIDE WRECKER, INC.",ROUND UP TOWING,006545962C (Expired!),MANCHACA,TX,78652
748,SPANKY'S WRECKER SERVICE,,0653888VSF (Expired!),BEAUMONT,TX,77701
749,"SPANKY'S WRECKER SERVICE, INC.",,005035299C,BEAUMONT,TX,77701
750,SPARTAN WRECKER LLC,,006567372C,DALLAS,TX,75243
751,SPRING CREEK WRECKER SERVICE,SPRING CREEK STORAGE,0656611VSF (Expired!),MAGNOLIA,TX,77354
752,SPRING CREEK WRECKER SERVICE,SPRING CREEK WRECKER,006480752C,MAGNOLIA,TX,77354
753,STANLEY WRECKER SERVICE,,005010168C,RUSK,TX,75785
754,STATEWIDE WRECKER SERVICE INC,,0647320VSF,CORPUS CHRISTI,TX,78405
755,STATEWIDE WRECKER SERVICE INC,,006473214C,CORPUS CHRISTI,TX,78465
757,STOWE'S WRECKER SERVICE LLC,,005604783C,MONTGOMERY,TX,77356
758,STOWE'S WRECKER SERVICE LLC,,0657368VSF,MONTGOMERY,TX,77356
759,SUPERIOR WRECKER SERVICE LLC,,006539116C,ALIEF,TX,77411
760,SUTTIE'S WRECKER SERVICE,,005031099C,HOUSTON,TX,77269
761,TEXAN AUTO & WRECKER SERVICE,,005050181C,HOUSTON,TX,77280
762,TEXANS BEST WRECKER SERVICE LLC,TEXANS BEST WRECKER SERVICE,006531961C,HOUSTON,TX,77049
763,"TEXAS TOWING WRECKER SERVICE, INC.",,0000964VSF,FORT WORTH,TX,76107
764,"TEXAS TOWING WRECKER SERVICE, INC.",,005032139C,FT WORTH,TX,76107
765,TEXOMA WRECKER SERVICE,,005559897C,DENISON,TX,75021
766,TEXOMA WRECKER SERVICE,,0576975VSF,DENISON,TX,75020
767,TEXSTAR WRECKER SERVICE,,0642285VSF,CORPUS CHRISTI,TX,78415
768,THE WOODLANDS WRECKER SERVICE,"THE WOODLANDS TOWING, AW TOWING",006480341C,THE WOODLANDS,TX,77387
769,THE WRECKER MAN LLC,,006538726C (Expired!),NEW BRAUNFELS,TX,78132
770,THIRD COAST WRECKER INC.,,006556751C,SUGAR LAND,TX,77498
771,THIRD COAST WRECKER INC.,,0656463VSF,SUGAR LAND,TX,77498
772,THOMAS WRECKER SERVICE,,0657176VSF,FORT WORTH,TX,76104
773,THOMAS WRECKER SERVICE INC,,0630441VSF,FORT WORTH,TX,76104
774,"THOMAS WRECKER SERVICE, INC.",,006099684C,HALTOM CITY,TX,76117
775,"TILLERY WRECKER SERVICES, INC.",,000032038C,GIDDINGS,TX,78942
776,"TILLERY WRECKER SERVICES, INC.",,0001075VSF,GIDDINGS,TX,78942
778,TNT WRECKER SERVICE,,005062772C,BEAUMONT,TX,77720
779,TNT WRECKER SERVICE,,0000526VSF (Expired!),BEAUMONT,TX,77720
780,TNT WRECKER SERVICE,,0566546VSF,BEAUMONT,TX,77720
781,TNT WRECKER SERVICE,,0655419VSF,WINNIE,TX,77665
782,TONY'S WRECKER SERVICE,,0646845VSF,BROWNSVILLE,TX,78521
783,TONYS WRECKER SERVICE,,006468492C,BROWNSVILLE,TX,78521
784,TOP GUN WRECKER SERVICE & RECOVERY INC,,0593231VSF,BEAUMONT,TX,77707
785,"TOP GUN WRECKER SERVICE & RECOVERY, INC.",,005932308C,BEAUMONT,TX,77707
786,TOW 2 TOW WRECKER,,006536784C,DALLAS,TX,75253
787,TOW MASTER WRECKER SERVICES LLC,,006591302C (Pending Review!),GRAPEVINE,TX,76051
788,TOW PRO WRECKER SERVICE,,0598897VSF,RED OAK,TX,75154
789,TOW PRO WRECKER SERVICE,,005741038C,WAXAHACHIE,TX,75167
790,TOW PRO WRECKER SERVICE,,0574166VSF,RED OAK,TX,75154
791,TOW-AHOLIC WRECKER SERVICE LLC,TOW-AHOLIC,006461756C,HOUSTON,TX,77035
792,"TRANS-MATIC WRECKER SERVICE, LLC",,006510303C,ROSWELL,NM,88201
793,TRI-CITY WRECKER SERVICE,,006467341C,PFLUGERVILLE,TX,78691
794,TURNERS WRECKER SERVICE,,0553797VSF,BEAUMONT,TX,77713
795,TURNERS WRECKER SERVICE,,005252022C,BEAUMONT,TX,77701
796,TYLER BOY WRECKER SERVICE INC.,,005013738C,ROCKWALL,TX,75087
797,TYLER BOY WRECKER SERVICE INC.,,0001644VSF,ROCKWALL,TX,75087
799,UPI WRECKER SERVICES INC,UPI WRECKER SERVICES,006567562C (Expired!),HOUSTON,TX,77048
800,USA WRECKER SERVICE LLC,USA WRECKER SERVICE,006561166C,CEDAR CREEK,TX,78612
801,USA WRECKER SERVICE LLC,USA WRECKER SERVICE,0656123VSF,CEDAR CREEK,TX,78612
802,VELEZ WRECKER SERVICE,,005587540C,HOUSTON,TX,77022
803,W&W WRECKER SERVICES LLC,,006599728C,PASADENA,TX,77503
804,WALDEN WRECKER SERVICE LLC,,0660118VSF (Pending Review!),LIBERTY HILL,TX,78642
805,WALDEN WRECKER SERVICE LLC,,0654857VSF (Expired!),LIBERTY HILL,TX,78642
806,WALDEN WRECKER SERVICE LLC,,0657911VSF,LIBERTY HILL,TX,78642
807,WALDEN WRECKER SERVICE LLC,WALDEN WRECKER SERVICE,006520121C,LIBERTY HILL,TX,78642
808,WALKER'S WRECKER SERVICE,,005456658C,SANTA FE,TX,77517
809,WALKER'S WRECKER SERVICE,,0560542VSF (Suspended!),SANTA FE,TX,77510
810,"WALKER, C. A. WRECKER SERVICE",,005320597C (Expired!),HOUSTON,TX,77021
811,WALLACE & SONS' WRECKER SERVICE LLC,,0657815VSF,HENDERSON,TX,75653
812,"WALLACE & SONS' WRECKER SERVICE, LLC",,006562677C,HENDERSON,TX,75653
813,"WALLACE & SONS' WRECKER SERVICE, LLC",,0656268VSF (Expired!),HENDERSON,TX,75653
814,"WALLACE & SONS' WRECKER SERVICE, LLC",,0659523VSF,HENDERSON,TX,75653
815,WALNUT HILL WRECKER SERVICE,,0001342VSF,DALLAS,TX,75229
816,"WALNUT HILL WRECKER SERVICE, INC.",,0000030286,DALLAS,TX,75229
817,WELLS WOODS WRECKER LLC,WELLS WRECKER SERVICE,0589999VSF,AZLE,TX,76020
818,WELLS WOODS WRECKER LLC,WOODS WRECKER SERVICE,006471403C,AZLE,TX,76020
820,WELLS WOODS WRECKER LLC,WOODS WRECKER SERVICE,0647141VSF,AZLE,TX,76020
821,WELLS WOODS WRECKER LLC.,WELLS WRECKER SERVICE,005868934C,AZLE,TX,76020
822,WHITES WRECKER SERVICE,,006428352C (Insurance not applied !),DURANT,OK,74701
823,WHITTINGTON AUTO WRECKER,WHITTINGTON AUTO WRECKER,006400912C,LEAGUE CITY,TX,77574
824,WILSON WRECKER SERVICE LLC,,0645727VSF,LUBBOCK,TX,79452
825,WILSON WRECKER SERVICE LLC,,0653325VSF,LUBBOCK,TX,79452
826,"WILSON WRECKER SERVICE, L.L.C",,0648625VSF,LUBBOCK,TX,79452
827,"WILSON WRECKER SERVICE, L.L.C.",,006423458C,LUBBOCK,TX,79452
828,"WILSON WRECKER SERVICE, L.L.C.",,0642347VSF,LUBBOCK,TX,79452
829,"WILSON WRECKER SERVICE, L.L.C.",,0654413VSF,LUBBOCK,TX,79452
830,"WILSON WRECKER SERVICE, L.L.C.",,0655582VSF,LUBBOCK,TX,79452
831,"WILSON WRECKER SERVICE, LLC",,0652721VSF,LUBBOCK,TX,79452
832,WINDCREST WRECKER,WINDCREST WRECKER,0660262VSF (Expired!),PINEHURST,TX,77362
833,WINDELL'S BODY SHOP & WRECKER SERVICE,,0653732VSF,NAPLES,TX,75568
834,WINDELL'S BODY SHOP & WRECKER SERVICE,,005356890C,NAPLES,TX,75568
835,WRECK'D TOWING LLC,,006550196C,BOERNE,TX,78006
836,WRECKER-LA GRUA LLC,THE WRECKER LA GRUA,006541309C,AUSTIN,TX,78747
837,WRIGHT'S WRECKER SERVICE,,005388553C,NASH,TX,75569
838,WRIGHT'S WRECKER SERVICE,,0593304VSF (Expired!),NASH,TX,75569
839,WRIGHT'S WRECKER SERVICE,,0508198VSF (Expired!),NASH,TX,75569
841,XTREME WRECKER SERVICES INC.,,0650507VSF,BARSTOW,TX,79719
842,"XTREME WRECKER SERVICES, INC",,006504760C,BARSTOW,TX,79719
